<!DOCTYPE ui:UiBinder SYSTEM "http://dl.google.com/gwt/DTD/xhtml.ent">
<ui:UiBinder xmlns:ui="urn:ui:com.google.gwt.uibinder"
	xmlns:g="urn:import:com.google.gwt.user.client.ui">
	<ui:style>
		.important {
			font-weight: bold;
		}
	</ui:style>
		<g:VerticalPanel>
			<g:HTML ui:field="noLogin">
				<p>Welcome to the Fantasy Rugby World Cup site&#33; Create your own all-star team to compete against other rugby fans online as the 2011 Rugby World Cup unfolds.</p>
				<p>Selecting your team takes just a few minutes, and soon you&rsquo;ll be tracking your player&rsquo;s progress as each game is played. Their performance will be reflected in their rating, and your overall team score. Play for a single round, or guide your team all the way through the knockout stages.</p>
				<p>To get started, sign up below or if you&rsquo;ve already created an account, log in here.</p>
			</g:HTML>
			<g:HTML ui:field="noDraft">
				<p>Congratulations, you&rsquo;ve created your account successfully. Now you&rsquo;re ready to start your player draft.</p>
				<p>If you&rsquo;re in a hurry, you can use the &ldquo;Easy Select&rdquo; option, or for a more strategic approach, you can select your players one-by-one. Click below to get started:</p>
				<br></br>
			</g:HTML>
			<g:HTML ui:field="noCurrentRoundPicked">
				<p>OK, it looks like you&rsquo;ve got a good squad in place, but you need to select your <em>Starting 15</em> for the next round if you want to compete.</p>
				<p>The next round of the Fantasy World Cup competition is getting ready to start on 9/10/2011, so make sure you have your team in place and ready for kick off.</p>
				<br></br>
			</g:HTML>
			<g:HTML ui:field="complete">
				<p>Congratulations, you&rsquo;re ready to go. Your squad and starting side are in place. All you need to do is sit back and enjoy the games &#40;and of course, keep an eye on how your players perform&#41;.</p>
				<p>We&rsquo;ll be releasing updates on match results and players as each week-long round unfolds, so check back often for results and player updates. You can browse the teams, players and match information to get the inside line on who is moving up or down in the ratings&#33;</p><br></br>
			</g:HTML>
			<g:HorizontalPanel>		
				<g:Anchor ui:field="signin" href="javascript:;">Sign In</g:Anchor>
				<g:Anchor ui:field="signup" href="javascript:;">Sign Up</g:Anchor>				
				<g:Anchor ui:field="draft" href="javascript:;">Start Draft Now</g:Anchor>
				<g:Anchor ui:field="randomDraft" href="javascript:;">Draft Random Team</g:Anchor>
				<g:Anchor ui:field="currentRound" href="javascript:;">Select For This Round Now</g:Anchor>
			</g:HorizontalPanel>
		</g:VerticalPanel>
</ui:UiBinder> 