<!DOCTYPE ui:UiBinder SYSTEM "http://dl.google.com/gwt/DTD/xhtml.ent">
<ui:UiBinder xmlns:ui="urn:ui:com.google.gwt.uibinder"
	xmlns:g="urn:import:com.google.gwt.user.client.ui">
	<ui:style>
		.important {
			font-weight: bold;
		}
	</ui:style>
<g:HTMLPanel>
	<div id="pointsRemaining">
		<p>Points remaining: <br /><span class="points"><g:HTML ui:field="remaining">15000</g:HTML></span></p>
	</div>
<g:VerticalPanel>
			<g:HorizontalPanel>
		<!-- COUNTRY STATUS -->
		<g:VerticalPanel>
		<g:HTMLPanel>
		<div class="sectionHeader">
			<g:Label>Your players, by country:</g:Label>
			</div>
			</g:HTMLPanel>
			<g:cell>
			<g:HTMLPanel>
			<table id="playersByCountry" cellpadding="0" cellspacing="0">
			<tr>
				<th><g:Label>arg:</g:Label></th>
				<th class="even"><g:Label>aus:</g:Label></th>
				<th><g:Label>can:</g:Label></th>
				<th class="even"><g:Label>eng:</g:Label></th>
				<th><g:Label>fji:</g:Label></th>
				<th class="even"><g:Label>fra:</g:Label></th>
				<th><g:Label>geo:</g:Label></th>
				<th class="even"><g:Label>ire:</g:Label></th>
				<th><g:Label>ita:</g:Label></th>
				<th class="even"><g:Label>jpn:</g:Label></th>
			</tr>
			<tr>
				<td><g:Label ui:field="arg">6</g:Label></td>
				<td class="even"><g:Label ui:field="aus">6</g:Label></td>
				<td><g:Label ui:field="can">6</g:Label></td>
				<td class="even"><g:Label ui:field="eng">6</g:Label></td>
				<td><g:Label ui:field="fji">6</g:Label></td>
				<td class="even"><g:Label ui:field="fra">6</g:Label></td>
				<td><g:Label ui:field="geo">6</g:Label></td>
				<td class="even"><g:Label ui:field="ire">6</g:Label></td>
				<td><g:Label ui:field="ita">6</g:Label></td>
				<td class="even"><g:Label ui:field="jpn">6</g:Label></td>
			</tr>
			<tr class="break">
				<th class="even"><g:Label>nam:</g:Label></th>
				<th><g:Label>nzl:</g:Label></th>
				<th class="even"><g:Label>rom:</g:Label></th>
				<th><g:Label>rus:</g:Label></th>
				<th class="even"><g:Label>sam:</g:Label></th>
				<th><g:Label>sco:</g:Label></th>
				<th class="even"><g:Label>rsa:</g:Label></th>
				<th><g:Label>tgo:</g:Label></th>
				<th class="even"><g:Label>usa:</g:Label></th>
				<th><g:Label>wal:</g:Label></th>
			</tr>
			<tr>
				<td class="even"><g:Label ui:field="nam">6</g:Label></td>
				<td><g:Label ui:field="nzl">6</g:Label></td>
				<td class="even"><g:Label ui:field="rom">6</g:Label></td>
				<td><g:Label ui:field="rus">6</g:Label></td>
				<td class="even"><g:Label ui:field="sam">6</g:Label></td>
				<td><g:Label ui:field="sco">6</g:Label></td>
				<td class="even"><g:Label ui:field="rsa">6</g:Label></td>
				<td><g:Label ui:field="tgo">6</g:Label></td>
				<td class="even"><g:Label ui:field="usa">6</g:Label></td>
				<td><g:Label ui:field="wal">6</g:Label></td>
			</tr>
			</table>
			</g:HTMLPanel>
			</g:cell>
		</g:VerticalPanel>
		<!-- END STATUS -->
	</g:HorizontalPanel>
	<!-- NAVIGATION -->
		<g:VerticalPanel>
			<g:Label>Your players, by position:</g:Label>
			<g:cell>
			<g:HTMLPanel>
			<table id="playersByPosition" cellspacing="0" cellpadding="0">
			<tr> <!--  FIRST ROW: heading info  -->
				<td class="odd"><g:Anchor ui:field="prop">[Prop]</g:Anchor></td>
				<td class="even"><g:Anchor ui:field="hooker">[Hooker]</g:Anchor></td>
				<td class="odd"><g:Anchor ui:field="lock">[Lock]</g:Anchor></td>
				<td class="even"><g:Anchor ui:field="flanker">[Flanker]</g:Anchor></td>
				<td class="odd"><g:Anchor ui:field="numbereight">[#8]</g:Anchor></td>
				<td class="even"><g:Anchor ui:field="scrumhalf">[Scrumhalf]</g:Anchor></td>
				<td class="odd"><g:Anchor ui:field="flyhalf">[Flyhalf]</g:Anchor></td>
				<td class="even"><g:Anchor ui:field="center">[Center]</g:Anchor></td>
				<td class="odd"><g:Anchor ui:field="wing">[Wing]</g:Anchor></td>
				<td class="even"><g:Anchor ui:field="fullback">[Fullback]</g:Anchor></td>
			</tr>
			<tr>
				<td class="odd"><g:Label ui:field="numProp">0/4</g:Label></td>
				<td class="even"><g:Label ui:field="numHooker">0/2</g:Label></td>
				<td class="odd"><g:Label ui:field="numLock">0/4</g:Label></td>
				<td class="even"><g:Label ui:field="numFlanker">0/4</g:Label></td>
				<td class="odd"><g:Label ui:field="numNumber8">0/2</g:Label></td>
				<td class="even"><g:Label ui:field="numScrumhalf">0/2</g:Label></td>
				<td class="odd"><g:Label ui:field="numFlyhalf">0/2</g:Label></td>
				<td class="even"><g:Label ui:field="numCenter">0/4</g:Label></td>
				<td class="odd"><g:Label ui:field="numWing">0/4</g:Label></td>
				<td class="even"><g:Label ui:field="numFullback">0/4</g:Label></td>
			</tr>
			</table>
			</g:HTMLPanel>
			</g:cell>

		<g:HTMLPanel>
		<div class="instructions">
			<!--  INSTRUCTIONS -->
			<g:HTML ui:field="instructions">
					Pick a thirty player roster to carry you through the pool round of the World Cup.
			</g:HTML>	
			<!--  END INSTRUCTIONS -->	
			<g:Button ui:field="previous">&lt;&lt; Previous</g:Button>
			<g:Button ui:field="next">Next &gt;&gt;</g:Button>
			<g:Button ui:field="done">Done!</g:Button>
		</div>
		</g:HTMLPanel>
	</g:VerticalPanel>
	<!-- END NAVIGATION -->	
</g:VerticalPanel>
</g:HTMLPanel>
</ui:UiBinder> 